<?xml version="1.0" encoding="UTF-8" standalone="yes"?>
<addon id="repository.fullproject" name="[COLOR red][B]Full[/B][/COLOR] [COLOR black][B]Project[/B][/COLOR] Repository" version="0.0.6" provider-name="[COLOR red][B]Full[/B][/COLOR] [COLOR black][B]Project[/B][/COLOR]">
	<requires>
		<import addon="xbmc.addon" version="12.0.0"/>
	</requires>
	<extension point="xbmc.addon.repository"
		name="[COLOR red][B]Full[/B][/COLOR] [COLOR black][B]Project[/B][/COLOR]">
		<dir minversion="17.0.0">
			<info compressed="false">https://raw.githubusercontent.com/fullproject/repository.fullproject/master/krypton/addons.xml</info>
		    <checksum>https://raw.githubusercontent.com/fullproject/repository.fullproject/master/krypton/addons.xml.md5</checksum>
		    <datadir zip="true">https://raw.githubusercontent.com/fullproject/repository.fullproject/master/krypton</datadir>
			<hashes>false</hashes>
		</dir>
		<dir minversion="17.9.0">
			<info compressed="false">https://raw.githubusercontent.com/fullproject/repository.fullproject/master/leia/addons.xml</info>
		    <checksum>https://raw.githubusercontent.com/fullproject/repository.fullproject/master/leia/addons.xml.md5</checksum>
		    <datadir zip="true">https://raw.githubusercontent.com/fullproject/repository.fullproject/master/leia</datadir>
			<hashes>false</hashes>
		</dir>
		<dir minversion="18.0.0">
			<info compressed="false">https://raw.githubusercontent.com/fullproject/repository.fullproject/master/leia/addons.xml</info>
		    <checksum>https://raw.githubusercontent.com/fullproject/repository.fullproject/master/leia/addons.xml.md5</checksum>
		    <datadir zip="true">https://raw.githubusercontent.com/fullproject/repository.fullproject/master/leia</datadir>
			<hashes>false</hashes>
		</dir>
		<dir minversion="18.9.0">
			<info compressed="false">https://raw.githubusercontent.com/fullproject/repository.fullproject/master/matrix/addons.xml</info>
		    <checksum>https://raw.githubusercontent.com/fullproject/repository.fullproject/master/matrix/addons.xml.md5</checksum>
		    <datadir zip="true">https://raw.githubusercontent.com/fullproject/repository.fullproject/master/matrix</datadir>
			<hashes>false</hashes>
		</dir>
	</extension>
    <extension point="xbmc.addon.metadata">
        <summary lang="en">repositorio [COLOR red][B]Full[/B][/COLOR] [COLOR black][B]Project[/B][/COLOR]</summary>
        <description lang="en">repositorio oficial [COLOR red][B]Full[/B][/COLOR] [COLOR black][B]Project[/B][/COLOR] - Inicio de um projecto.</description>
        <platform>all</platform>
		<news>[I]v0.0.4[/I][CR]- Suporte para uma skin em função do seu sistema.</news>
    </extension>
</addon>