<?xml version="1.0" encoding="UTF-8" standalone="yes"?>
<addons>
<addon id="repository.fullproject" name="[COLOR red][B]Full[/B][/COLOR] [COLOR black][B]Project[/B][/COLOR] Repository" version="0.0.3" provider-name="[COLOR red][B]Full[/B][/COLOR] [COLOR black][B]Project[/B][/COLOR]">
	<extension point="xbmc.addon.repository" name="[COLOR red][B]Full[/B][/COLOR] [COLOR black][B]Project[/B][/COLOR]">
		<dir minversion="17.0.0">
			<info compressed="true">https://raw.githubusercontent.com/fullproject/repository.fullproject/master/krypton/addons.xml</info>
		    <checksum>https://raw.githubusercontent.com/fullproject/repository.fullproject/master/krypton/addons.xml.md5</checksum>
		    <datadir zip="true">https://raw.githubusercontent.com/fullproject/repository.fullproject/master/krypton</datadir>
		</dir>
		<dir minversion="17.9.0">
			<info compressed="true">https://raw.githubusercontent.com/fullproject/repository.fullproject/master/leia/addons.xml</info>
		    <checksum>https://raw.githubusercontent.com/fullproject/repository.fullproject/master/leia/addons.xml.md5</checksum>
		    <datadir zip="true">https://raw.githubusercontent.com/fullproject/repository.fullproject/master/leia</datadir>
		</dir>
	</extension>
	<extension point="xbmc.addon.metadata">
		<summary>repositorio [COLOR red][B]Full[/B][/COLOR] [COLOR black][B]Project[/B][/COLOR]</summary>
		<description>repositorio oficial [COLOR red][B]Full[/B][/COLOR] [COLOR black][B]Project[/B][/COLOR] - Inicio de um projecto.</description>
		<platform>all</platform>
		<news>[I]v0.0.1[/I][CR]- Suporte inicial do projecto.</news>
	</extension>
</addon>
</addons>